row_id,sku,title
R0001,BTX-5012,btx ignition coil btx-5012
R0002,BTX-9928,BRONTEXA CALIPER BTX-9928
R0003,KRV-6514,KRV OIL FLTR WNTY 90D
R0004,AXK-6925,AXKORT WINTER HI-VIS JACKET 2XL TLV-6925
R0005,VRN-6977,VRN AIR FLTR
R0006,CRU-6313,CRUMANE REAR ROTORS
R0007,VRN-8517,VRN OIL FILTER VRN-8517
R0008,MLT-3266,MALTRION AIR FILTER MLT-3266
R0009,VSK-8668,veskarra ignition coil new
R0010,BTX-5315,brontexa rotors new
R0011,KRV-9689,Krelvonne Air Fltr New
R0012,KDR-3103,KADRIMO CERAMIC FRONT BRK PADS
R0013,NVK-5061,nvk wiper 12-pk nvk-5061
R0014,BTX-8744,btx ceramic rear brk pads 8-pk wnty 90d
R0015,KDR-4116,Kadrimo Rubber Winter Wiper Blade Bulk Kdr-4116
R0016,WRF-4872,wrf thermal glove sz s
R0017,CRU-8973,Crumane Air Fltr Hd
R0018,WRF-2122,WRENFOLD COTTON WNTR COVERALL L WRF-2122
R0019,QVN-4346,Quorvyn Air Fltr
R0020,KDR-2638,Kdr Headlight Bulbs New
R0021,NVK-9666,NVK ROTOR PRO NVK-9666
R0022,CRU-4335,Crumane Rotor
R0023,BTX-3143,brontexa oil fltr
R0024,BEL-3426,belvand hi-vis jacket size 2xl
R0025,KDR-3532,###
R0026,VSK-5065,VESKARRA HDLGHT BULB
R0027,NVK-4728,Nvk Cabin Filter Nvk-4728
R0028,QVN-3925,QUORVYN SPARK PLUG (6-PK)
R0029,VSK-8144,vsk spk plg 2-pk new
R0030,WRF-3085,Wrf Coverall Xl New
R0031,QVN-9375,QUORVYN REAR CALIPERS
R0032,NVK-1757,Nvk Frt Calipers
R0033,KRV-1090,Krelvonne Air Filter
R0034,KDR-9702,KADRIMO SPK PLG
R0035,VRN-8777,vornelle air filter
R0036,NVK-6502,norvikka cabin filter
R0037,VRN-4388,VORNELLE AIR FLTR
R0038,BTX-5892,Brontexa Air Fltr
R0039,VRN-6507,VORNELLE OIL FLTR
R0040,WRF-3977,WRF COTTON COVERALL SIZE XL
R0041,NVK-6733,   
R0042,VRN-8619,vornelle rear calipers
R0043,BTX-7149,brontexa oil filter 2yr wnty new
R0044,BRH-2129,BRUMHALT HI VIS JACKET SZ L BRH-2129
R0045,GVX-8616,GRUVATEX NITRILE GLOVE GVX-8616
R0046,VSK-6325,VSK SPARK PLUGS VSK-6325
R0047,MLT-9004,maltrion spark plugs
R0048,MLT-9698,maltrion rh caliper mlt-9698
R0049,KRV-9595,krelvonne brake pads 12-pk
R0050,BEL-5658,belvand ceramic brk pads set of 8 bulk btx-5658
R0051,BTX-5978,btx ignition coil
R0052,VRN-8025,vornelle spk plg (12-pk)
R0053,KRV-8699,KRELVONNE REAR WINTER WIPER SET OF 8
R0054,MLT-3441,MALTRION HEADLIGHT BULBS 2YR WNTY
R0055,VRN-7594,VORNELLE CABIN FLTR
R0056,MLT-5415,MALTRION BRAKE PADS
R0057,VRN-8700,vornelle ign coil pro
R0058,WRF-6296,wrf thermal hivis jacket sz l
R0059,VRN-1845,VRN AIR FILTER
R0060,MLT-6091,Maltrion Ign Coil 2Yr Wnty Mlt-6091
R0061,NVK-9327,norvikka rubber rh winter wiper blade set of 12
R0062,VRN-8316,VORNELLE OIL FLTR
R0063,GVX-1715,GRUVATEX HI VIS JACKET XL
R0064,BTX-6439,brontexa rotor wnty 90d pro
R0065,NVK-7512,NORVIKKA CABIN FLTR
R0066,BTX-4727,brontexa headlight bulb (6-pk) btx-4727
R0067,QVN-3950,Qvn Semi-Metallic Left Brk Pads
R0068,NVK-8622,NORVIKKA OIL FILTER WNTY 90D NVK-8622
R0069,NVK-7302,norvikka cabin filter
R0070,TLV-9138,TELVOSSA HI VIS JACKET SZ S
R0071,KRV-8222,krv wiper blade new
R0072,QVN-3695,Quorvyn Headlight Bulb
R0073,MLT-6992,MLT BRK PADS 2YR WNTY
R0074,NVK-2035,norvikka leather thermal glove 2 pack sz 2xl hd
R0075,GVX-3531,gruvatex coveralls size 2xl gvx-3531
R0076,MLT-2627,maltrion cabin fltr
R0077,VRN-1828,VORNELLE FRONT ROTORS
R0078,GVX-9850,###
R0079,VSK-9408,VESKARRA BRK PADS VSK-9408
R0080,VRN-7580,vornelle spark plugs 8 pack
R0081,QVN-8433,Quorvyn Lh Rotors Pro
R0082,TLV-8770,TLV LEATHER GLOVES (8-PK) SIZE L WNTY 90D
R0083,KDR-7929,kadrimo oil filter
R0084,MLT-8030,maltrion left wiper set of 6 wnty 90d
R0085,WRF-8432,wrenfold nitrile glove set of 2 2xl
R0086,BTX-8957,BRONTEXA HEADLIGHT BULB SET OF 8
R0087,NVK-7475,norvikka ignition coil wnty 90d
R0088,VRN-2180,VORNELLE SEMI-METALLIC RIGHT BRK PADS 2YR WNTY
R0089,KDR-6321,kdr air fltr kdr-6321
R0090,KDR-6083,KADRIMO IGNITION COIL HD
R0091,KRV-3399,KRELVONNE AIR FILTER
R0092,VRN-6295,VORNELLE SPK PLG
R0093,QVN-6085,Quorvyn Ignition Coil Wnty 90D Hd
R0094,BTX-4084,BRONTEXA SPARK PLUG
R0095,BRH-8172,BRUMHALT HIVIS JACKET M
R0096,BTX-7333,BRONTEXA WIPER 2-PK BTX-7333
R0097,VSK-6381,VESKARRA WINTER WIPER 12 PACK VSK-6381
R0098,VRN-3253,VRN OIL FLTR HD
R0099,KRV-3712,krelvonne ignition coil krv-3712
R0100,VRN-4178,VORNELLE HDLGHT BULB 8 PACK
R0101,WRF-9452,WRENFOLD LEATHER INSULATED GLOVES 8-PK WRF-9452
R0102,VRN-7797,
R0103,NVK-8685,Norvikka Leather Winter Gloves Set Of 6 Bulk Nvk-8685
R0104,VSK-9443,VESKARRA CERAMIC BRAKE PADS SET OF 8 VSK-9443
R0105,QVN-7116,QUORVYN SEMI-METALLIC FRONT BRK PADS (8-PK)
R0106,BTX-6546,brontexa oil filter
R0107,VRN-1686,vornelle rear rotor vrn-1686
R0108,BTX-6438,Brontexa Air Fltr
R0109,VRN-5369,VORNELLE ROTOR 2YR WNTY
R0110,VSK-8272,VESKARRA OIL FILTER
R0111,BTX-6952,BRONTEXA HDLGHT BULB BTX-6952
R0112,KDR-8371,KADRIMO CERAMIC BRK PADS 12 PACK
R0113,KDR-2929,kadrimo rh caliper
R0114,KDR-8292,kadrimo rotor
R0115,KRV-4292,KRELVONNE FRONT ROTOR WNTY 90D
R0116,VSK-2208,VSK BRK PADS
R0117,KRV-1907,KRELVONNE HDLGHT BULB 12-PK PRO
R0118,NVK-2530,NORVIKKA WNTR GLOVES SZ L
R0119,BTX-5336,brontexa spk plg
R0120,TLV-5873,telvossa hivis jacket sz xl
R0121,NVK-9437,Norvikka Nitrile Gloves Nvk-9437
R0122,MLT-3616,maltrion ign coil bulk
R0123,WRF-6781,wrf hi vis jacket size 2xl
R0124,KRV-1838,KRELVONNE SEMI-METALLIC BRAKE PADS
R0125,WRF-3363,WRF NITRILE GLOVE (2-PK) SZ L WNTY 90D
R0126,QVN-5902,QUORVYN ROTOR
R0127,WRF-1436,WRENFOLD HI VIS JACKET
R0128,VSK-1517,veskarra rotors
R0129,VRN-2020,Vornelle Spk Plg
R0130,QVN-5331,QUORVYN ROTORS QVN-5331
R0131,MLT-8861,Maltrion Hdlght Bulb Bulk
R0132,KRV-6674,KRELVONNE HDLGHT BULB SET OF 2
R0133,KDR-4920,KDR OIL FILTER BULK
R0134,AXK-8793,AXKORT ROTORS KRV-8793
R0135,BTX-1595,brontexa rear caliper
R0136,KDR-6489,Kadrimo Oil Fltr Bulk Kdr-6489
R0137,NVK-4164,Nvk Lh Wntr Wiper Blades Nvk-4164
R0138,BRH-5947,Brumhalt Winter Coverall L Brh-5947
R0139,NVK-5833,Norvikka Rotors Pro
R0140,VRN-2341,VORNELLE WIPER HD VRN-2341
R0141,KRV-8239,krv spark plugs
R0142,BEL-6049,BELVAND RH ROTOR
R0143,BTX-1519,BRONTEXA SPARK PLUGS 8-PK
R0144,VSK-9835,VSK AIR FLTR
R0145,CRU-5055,Crumane Leather Gloves Size Xl
R0146,BTX-1550,BRONTEXA HDLGHT BULB (12-PK) BULK BTX-1550
R0147,NVK-4881,NORVIKKA SEMI-METALLIC BRAKE PADS
R0148,KRV-7999,Krelvonne Ignition Coil
R0149,KRV-4012,Krelvonne Air Fltr
R0150,VSK-8369,veskarra ceramic rear brake pads (6-pk)
R0151,MLT-6455,MALTRION HEADLIGHT BULBS HD
R0152,MLT-9743,MALTRION LH WIPER BLADE
R0153,QVN-1749,QUORVYN HEADLIGHT BULBS 8-PK WNTY 90D QVN-1749
R0154,QVN-9037,QUORVYN CALIPER
R0155,BTX-7756,BTX WIPER 2-PK 2YR WNTY BULK
R0156,VRN-1257,VRN IGN COIL WNTY 90D VRN-1257
R0157,KRV-2578,Krelvonne Cabin Filter
R0158,VSK-4984,VESKARRA AIR FILTER VSK-4984
R0159,VSK-2354,veskarra frt brk pads vsk-2354
R0160,VRN-5593,vornelle calipers vrn-5593
R0161,TLV-9856,telvossa gloves (12-pk) xl tlv-9856
R0162,VSK-6347,Vsk Ign Coil Vsk-6347
R0163,VSK-5037,Veskarra Rotors
R0164,KDR-6050,Kadrimo Air Fltr Bulk
R0165,QVN-7353,quorvyn semi-metallic left brake pads new
R0166,VSK-2260,veskarra cabin filter
R0167,VSK-8055,veskarra semi-metallic brake pads
R0168,QVN-9044,QUORVYN AIR FILTER
R0169,KRV-4434,KRELVONNE RH ROTORS
R0170,KRV-2211,Krelvonne Caliper
R0171,QVN-2791,QUORVYN BRK PADS
R0172,NVK-2615,Norvikka Hivis Jacket S
R0173,KRV-5840,KRELVONNE HEADLIGHT BULBS (2-PK)
R0174,QVN-8412,quorvyn spark plug 2yr wnty new
R0175,GVX-7985,GRUVATEX HI-VIS JACKET SIZE L BULK
R0176,VSK-4519,vsk cabin filter
R0177,VRN-6700,VORNELLE CERAMIC BRK PADS
R0178,KRV-3258,KRELVONNE SEMI-METALLIC FRT BRAKE PADS 4 PACK
R0179,KRV-1878,Krelvonne Spark Plugs Bulk
R0180,VSK-4613,VESKARRA REAR WIPER BLADES SET OF 2
R0181,KDR-8231,kadrimo lh brake pads kdr-8231
R0182,KDR-2923,KADRIMO OIL FILTER
R0183,KRV-4390,krelvonne air fltr krv-4390
R0184,KDR-7743,KADRIMO SPARK PLUG PRO KDR-7743
R0185,VSK-5402,VESKARRA HEADLIGHT BULB
R0186,QVN-8996,QUORVYN OIL FILTER QVN-8996
R0187,KDR-6289,KADRIMO RH WIPER
R0188,KDR-8009,kdr ceramic brake pads set of 4 kdr-8009
R0189,KRV-6005,krelvonne air filter hd krv-6005
R0190,VRN-2975,VORNELLE CALIPER VRN-2975
R0191,QVN-9691,QUORVYN CERAMIC REAR BRK PADS
R0192,MLT-2646,mlt cabin filter
R0193,KDR-5668,KADRIMO OIL FILTER
R0194,NVK-4921,norvikka headlight bulbs nvk-4921
R0195,QVN-7895,
R0196,MLT-7939,MALTRION SEMI-METALLIC RIGHT BRAKE PADS
R0197,VSK-2083,Veskarra Spark Plug Vsk-2083
R0198,BTX-3877,BTX CABIN FILTER NEW
R0199,KRV-2934,KRELVONNE ROTORS
R0200,VRN-6900,VRN IGNITION COIL VRN-6900
R0201,BTX-5006,BTX CALIPER HD
R0202,QVN-6241,QUORVYN AIR FILTER HD QVN-6241
R0203,BRH-6090,brumhalt hivis jacket
R0204,VRN-4201,VORNELLE AIR FILTER VRN-4201
R0205,BTX-2703,BTX RIGHT WIPER BLADE PRO
R0206,WRF-2391,wrenfold coveralls wrf-2391
R0207,QVN-7438,QUORVYN OIL FLTR QVN-7438
R0208,KRV-8365,Krelvonne Ign Coil
R0209,BRH-3430,BRH NITRILE WNTR GLOVE SIZE 2XL
R0210,VSK-3290,vsk rear brake pads 2-pk
R0211,KDR-2056,kdr ign coil new kdr-2056
R0212,TLV-3831,telvossa cotton coveralls size s tlv-3831
R0213,VSK-8848,vsk oil fltr
R0214,WRF-6883,   
R0215,NVK-4813,norvikka brake pads
R0216,GVX-7363,gruvatex hi-vis jacket
R0217,KRV-2478,krv rubber right wiper blades pro
R0218,NVK-2188,NORVIKKA THERMAL GLOVE SET OF 4 SIZE 2XL PRO
R0219,QVN-6846,qvn spk plg
R0220,VSK-4619,veskarra semi-metallic brake pads hd vsk-4619
R0221,BRH-5345,Brh Coveralls Size L Hd Brh-5345
R0222,VSK-2661,###
R0223,BRH-3636,BRUMHALT HIVIS JACKET
R0224,KRV-8113,KRV CABIN FILTER
R0225,NVK-9043,nvk spark plug (8-pk)
R0226,KRV-8715,krelvonne semi-metallic brk pads wnty 90d bulk
R0227,MLT-2009,mlt cabin filter wnty 90d
R0228,VSK-2293,VESKARRA SEMI-METALLIC RIGHT BRAKE PADS VSK-2293
R0229,GVX-5225,Gruvatex Winter Gloves 8 Pack M
R0230,WRF-2730,WRENFOLD LEATHER GLOVES SIZE M
R0231,VRN-7581,###
R0232,VRN-2609,vornelle oil filter
R0233,KDR-4463,KADRIMO AIR FLTR
R0234,NVK-3846,nvk front rotors
R0235,WRF-3909,wrenfold nitrile thermal glove size m new
R0236,KRV-4511,
R0237,KRV-1138,KRV CABIN FLTR KRV-1138
R0238,MLT-9530,maltrion cabin fltr new
R0239,VRN-5278,VORNELLE WNTR WIPER BLADES PRO
R0240,CRU-1417,CRUMANE IGN COIL
R0241,NVK-6873,NORVIKKA WNTR GLOVES SET OF 12 SZ XL
R0242,NVK-6031,NORVIKKA COVERALL SIZE M
R0243,BRH-7253,BRUMHALT HI VIS JACKET SZ S PRO
R0244,GVX-8988,GRUVATEX HI-VIS JACKET SIZE S NEW GVX-8988
R0245,KDR-7609,KADRIMO RH ROTOR 2YR WNTY
R0246,BTX-5076,btx spark plug new btx-5076
R0247,QVN-3192,QUORVYN OIL FLTR BULK QVN-3192
R0248,BTX-1612,
R0249,VSK-5140,veskarra air filter vsk-5140
R0250,KRV-9381,KRELVONNE SPARK PLUGS
R0251,GVX-8875,gruvatex leather winter gloves 2xl hd
R0252,KDR-5327,Kadrimo Semi-Metallic Left Brake Pads
R0253,BTX-5395,Brontexa Rear Brk Pads Set Of 8
R0254,TLV-3611,TLV GLOVE S BULK
R0255,GVX-5286,GRUVATEX LEATHER GLOVES
R0256,QVN-5072,QUORVYN WIPER
R0257,KRV-6253,krv semi-metallic rh brake pads
R0258,VRN-9166,vornelle cabin filter vrn-9166
R0259,KDR-5990,kadrimo spk plg
R0260,VRN-8751,VORNELLE CALIPER PRO VRN-8751
R0261,QVN-9067,Qvn Hdlght Bulb 4 Pack Qvn-9067
R0262,MLT-2765,Maltrion Cabin Filter
R0263,KRV-8912,KRELVONNE FRONT WIPER KRV-8912
R0264,WRF-5067,WRENFOLD COVERALL SIZE 2XL BULK
R0265,WRF-4291,Wrf Glove Pro
R0266,BEL-9747,BELVAND RH BRAKE PADS PRO QVN-9747
R0267,NVK-5835,nvk front rotor pro
R0268,NVK-7349,NORVIKKA HDLGHT BULB SET OF 8 NEW NVK-7349
R0269,MLT-7025,MALTRION CABIN FILTER MLT-7025
R0270,KRV-8020,KRELVONNE FRT ROTORS KRV-8020
R0271,QVN-5934,QUORVYN BRK PADS WNTY 90D
R0272,VSK-6437,VESKARRA REAR ROTORS
R0273,KDR-6258,KADRIMO REAR WIPER BLADE KDR-6258
R0274,VRN-6248,vornelle spark plugs 4-pk
R0275,MLT-7950,MALTRION IGNITION COIL
R0276,GVX-3916,Gruvatex Cotton Winter Coveralls Size S
R0277,KDR-2036,KADRIMO AIR FILTER HD KDR-2036
R0278,VRN-1504,VORNELLE OIL FILTER
R0279,QVN-3019,Qvn Rear Rotors
R0280,KRV-1891,KRELVONNE LEFT WNTR WIPER BLADE (4-PK) KRV-1891
R0281,MLT-2143,maltrion air fltr
R0282,QVN-5033,Quorvyn Spk Plg 6 Pack
R0283,NVK-2783,nvk cabin filter nvk-2783
R0284,BRH-1511,Brumhalt Coverall New
R0285,QVN-5767,QVN HDLGHT BULB
R0286,WRF-8921,WRENFOLD LEATHER GLOVES SZ M WRF-8921
R0287,QVN-1760,QVN SPK PLG
R0288,KRV-7201,Krelvonne Oil Filter
R0289,TLV-2263,Telvossa Leather Glove Sz M Hd
R0290,VRN-3207,VORNELLE CERAMIC RIGHT BRAKE PADS (2-PK)
R0291,NVK-4548,NORVIKKA IGN COIL BULK
R0292,NVK-8429,NORVIKKA ROTORS NVK-8429
R0293,VSK-3906,veskarra spk plg
R0294,BTX-7068,Brontexa Wiper
R0295,KDR-5170,
R0296,KDR-6175,KADRIMO SPARK PLUGS 4-PK KDR-6175
R0297,VSK-7770,VESKARRA IGN COIL
R0298,VSK-2951,VESKARRA HEADLIGHT BULB VSK-2951
R0299,WRF-3381,WRENFOLD GLOVE SZ S 2YR WNTY
R0300,NVK-1941,NORVIKKA AIR FILTER NVK-1941
R0301,BTX-9364,BRONTEXA OIL FILTER
R0302,NVK-2124,Norvikka Ceramic Rh Brk Pads Nvk-2124
R0303,BTX-7670,brontexa air filter btx-7670
R0304,NVK-8923,norvikka spark plug
R0305,KDR-7757,Kadrimo Brake Pads Set Of 4 New Kdr-7757
R0306,NVK-4115,NORVIKKA AIR FILTER NVK-4115
R0307,NVK-9871,NORVIKKA GLOVE 2 PACK XL
R0308,MLT-3101,MLT OIL FLTR
R0309,KDR-1193,kadrimo frt rotors kdr-1193
R0310,QVN-9171,quorvyn cabin fltr
R0311,MLT-4863,maltrion rotor
R0312,KRV-9470,Krelvonne Air Fltr
R0313,BTX-6914,BRONTEXA FRT WNTR WIPER BLADES
R0314,KRV-9363,krelvonne spk plg 6 pack krv-9363
R0315,QVN-7631,quorvyn rotors wnty 90d
R0316,NVK-9535,norvikka wiper blade nvk-9535
R0317,KDR-2045,KADRIMO HEADLIGHT BULB (2-PK) WNTY 90D
R0318,VSK-1468,VSK CERAMIC LH BRK PADS
R0319,KRV-9576,Krelvonne Rh Rotor Krv-9576
R0320,BTX-3233,brontexa rotor
R0321,NVK-9981,NORVIKKA HEADLIGHT BULB NVK-9981
R0322,GVX-5454,GRUVATEX INSULATED GLOVE SZ 2XL GVX-5454
R0323,NVK-9060,nvk ignition coil nvk-9060
R0324,VRN-1241,VORNELLE REAR ROTOR
R0325,KRV-7429,krv oil fltr krv-7429
R0326,GVX-5049,Gruvatex Hi-Vis Jacket Pro
R0327,BTX-9534,btx oil fltr hd
R0328,QVN-5523,QUORVYN IGN COIL HD
R0329,KDR-1983,KDR LEFT ROTORS
R0330,TLV-8951,TELVOSSA LEATHER GLOVE 8 PACK SZ M
R0331,KRV-3539,KRELVONNE IGN COIL
R0332,WRF-9830,Wrenfold Cotton Coveralls M Wrf-9830
R0333,KDR-2092,KDR OIL FILTER HD
R0334,TLV-1214,telvossa leather gloves l tlv-1214
R0335,AXK-1955,AXKORT SPARK PLUG
R0336,MLT-7802,MALTRION REAR BRK PADS MLT-7802
R0337,KRV-6772,Krelvonne Spk Plg
R0338,MLT-7505,mlt left wiper blade (8-pk)
R0339,BRH-2544,BRH LEATHER GLOVE SZ 2XL
R0340,VSK-3832,VESKARRA FRONT BRK PADS WNTY 90D HD
R0341,KDR-4714,Kadrimo Cabin Filter Kdr-4714
R0342,QVN-7436,quorvyn spk plg (2-pk)
R0343,BTX-9221,BRONTEXA SPK PLG 8-PK BTX-9221
R0344,MLT-6298,Maltrion Spk Plg (8-Pk)
R0345,NVK-4825,nvk right wiper blades nvk-4825
R0346,NVK-4424,NORVIKKA NITRILE GLOVE XL
R0347,BTX-8617,BRONTEXA CERAMIC REAR BRAKE PADS
R0348,VSK-4054,Vsk Ceramic Frt Brake Pads Wnty 90D
R0349,NVK-9212,norvikka air filter
R0350,NVK-3248,NVK SPARK PLUG 8-PK
R0351,KRV-3270,krelvonne cabin filter
R0352,GVX-6201,GVX HIVIS JACKET M
R0353,TLV-2749,tlv cotton coveralls l
R0354,KDR-9051,KADRIMO SEMI-METALLIC RIGHT BRAKE PADS
R0355,MLT-9027,MALTRION RH CALIPERS
R0356,BTX-8399,brontexa air filter
R0357,BTX-8201,BRONTEXA AIR FLTR BTX-8201
R0358,KRV-7440,Krelvonne Rubber Wiper Blade (12-Pk)
R0359,KRV-3024,KRV OIL FLTR BULK
R0360,VSK-3459,Vsk Left Rotors New
R0361,KDR-4323,?
R0362,VRN-5009,VORNELLE FRT CALIPERS 2YR WNTY NEW VRN-5009
R0363,BEL-3906,BELVAND NITRILE INSULATED GLOVES SET OF 2 SIZE M
R0364,VRN-4425,vornelle ceramic brake pads (12-pk)
R0365,QVN-6797,QUORVYN IGN COIL
R0366,MLT-7783,mlt rubber front wntr wiper blades
R0367,QVN-2865,quorvyn oil fltr
R0368,TLV-9797,TELVOSSA NITRILE GLOVE SIZE XL NEW
R0369,QVN-6556,quorvyn ceramic brake pads 4 pack new
R0370,VRN-7088,VORNELLE AIR FLTR VRN-7088
R0371,TLV-8921,TELVOSSA COTTON COVERALL SIZE 2XL
R0372,BTX-9558,Btx Rotor
R0373,NVK-4154,NORVIKKA CERAMIC WNTR BRAKE PADS NVK-4154
R0374,KDR-5440,Kdr Spk Plg Set Of 6 New
R0375,VRN-1881,Vrn Rh Rotors
R0376,QVN-9740,QVN AIR FLTR BULK QVN-9740
R0377,VRN-5227,Vornelle Headlight Bulb 12-Pk
R0378,VRN-9322,VRN CERAMIC REAR BRK PADS (6-PK)
R0379,CRU-8063,CRUMANE SPARK PLUG SET OF 12
R0380,VRN-3886,Vornelle Spark Plug (8-Pk)
R0381,BTX-1003,brontexa winter wiper blade
R0382,QVN-8122,QUORVYN WNTR WIPER BLADES
R0383,BRH-6885,BRH INSULATED GLOVES SZ 2XL
R0384,VSK-3841,veskarra air filter
R0385,GVX-3224,Gvx Thermal Glove 2 Pack Xl Bulk
R0386,BTX-4878,BRONTEXA ROTOR
R0387,KDR-5578,KADRIMO WIPER BLADES (12-PK)
R0388,NVK-9765,Norvikka Spark Plug
R0389,NVK-5981,NORVIKKA HI VIS JACKET 2XL HD
R0390,VRN-1232,VORNELLE SEMI-METALLIC LEFT BRAKE PADS 12 PACK PRO
R0391,KDR-3525,kadrimo oil fltr
R0392,QVN-5937,quorvyn frt winter wiper 8 pack qvn-5937
R0393,TLV-1672,TLV COVERALL SIZE 2XL TLV-1672
R0394,VSK-4961,veskarra oil filter
R0395,KDR-5127,kdr semi-metallic front brake pads 2yr wnty
R0396,GVX-4018,GRUVATEX THERMAL GLOVES M
R0397,QVN-6450,QUORVYN WNTR WIPER BLADE 2-PK
R0398,VRN-4578,VORNELLE RIGHT ROTOR HD VRN-4578
R0399,VRN-3483,Vornelle Semi-Metallic Brk Pads
R0400,BRH-6880,BRUMHALT GLOVE 8 PACK SZ 2XL BRH-6880
R0401,VRN-4129,vornelle rear brake pads set of 2
R0402,MLT-8361,maltrion left brake pads
R0403,VRN-4817,VORNELLE WIPER BLADES VRN-4817
R0404,KRV-6035,Krelvonne Calipers Hd
R0405,AXK-7586,Axkort Hdlght Bulb 6-Pk Mlt-7586
R0406,KRV-3703,krelvonne left rotors wnty 90d krv-3703
R0407,KDR-7819,KADRIMO LH ROTORS
R0408,BTX-9190,   
R0409,KDR-9842,KADRIMO ROTOR KDR-9842
R0410,VRN-5118,Vornelle Rubber Frt Wiper Blades (6-Pk) Vrn-5118
R0411,MLT-6336,MLT LEFT BRK PADS
R0412,VRN-7119,vrn semi-metallic rear brk pads vrn-7119
R0413,VRN-4602,VORNELLE LEFT ROTORS VRN-4602
R0414,GVX-5041,GVX GLOVE XL
R0415,BTX-8711,brontexa air filter
R0416,KDR-4571,Kdr Spark Plug 8-Pk Bulk
R0417,BTX-3271,brontexa spark plug
R0418,VSK-6454,VESKARRA IGN COIL
R0419,BEL-9433,belvand hdlght bulb set of 2 new
R0420,KDR-3267,KADRIMO SPARK PLUGS
R0421,MLT-1892,MLT WIPER BLADE
R0422,NVK-3929,NORVIKKA NITRILE GLOVE (2-PK) XL PRO
R0423,KRV-7883,Krelvonne Oil Filter Pro
R0424,QVN-9686,QUORVYN SPARK PLUG
R0425,QVN-1775,QVN CALIPER PRO
R0426,GVX-4361,Gruvatex Leather Winter Glove Set Of 6 Sz Xl
R0427,TLV-3556,TLV COVERALL XL TLV-3556
R0428,KRV-8243,Krelvonne Spark Plugs Krv-8243
R0429,MLT-2515,maltrion air filter
R0430,VRN-9385,Vornelle Spark Plug
R0431,VSK-6651,Veskarra Lh Rotors
R0432,VSK-3353,vsk frt rotor wnty 90d bulk
R0433,KRV-7254,Krelvonne Cabin Fltr Wnty 90D
R0434,BTX-5009,btx semi-metallic rh brk pads (6-pk)
R0435,KDR-3394,Kadrimo Rubber Wiper 6-Pk New
R0436,KDR-4002,Kadrimo Oil Filter
R0437,QVN-7750,QUORVYN RUBBER REAR WINTER WIPER BLADES 12-PK
R0438,KDR-8856,KADRIMO WIPER SET OF 4
R0439,NVK-4643,NVK WINTER ROTOR PRO
R0440,BTX-8685,btx ceramic brk pads (2-pk) 2yr wnty
R0441,GVX-5544,GRUVATEX COVERALL SIZE M
R0442,BTX-2616,brontexa ceramic brk pads
R0443,VSK-9425,Vsk Air Filter
R0444,NVK-1665,NVK AIR FLTR
R0445,VSK-8011,vsk cabin filter
R0446,KDR-2666,kadrimo front wiper blades set of 8
R0447,TLV-7557,telvossa thermal glove l
R0448,KRV-2117,KRELVONNE SPARK PLUGS
R0449,KDR-9032,Kadrimo Semi-Metallic Rh Brake Pads Bulk
R0450,TLV-3689,TELVOSSA GLOVES SET OF 12 L
R0451,VRN-9301,VRN SPARK PLUG
R0452,BTX-3100,Brontexa Oil Fltr
R0453,QVN-1924,QUORVYN AIR FILTER QVN-1924
R0454,KRV-5368,KRV SEMI-METALLIC RH BRAKE PADS
R0455,MLT-4305,MALTRION SEMI-METALLIC LEFT BRAKE PADS SET OF 6
R0456,WRF-9700,Wrenfold Wntr Hi Vis Jacket Sz S
R0457,MLT-8425,Maltrion Spk Plg 12-Pk
R0458,VRN-8106,VORNELLE WINTER WIPER
R0459,VSK-2055,veskarra headlight bulb vsk-2055
R0460,KRV-8604,###
R0461,KRV-6143,KRELVONNE RUBBER RIGHT WIPER BLADE
R0462,GVX-9133,GRUVATEX NITRILE WNTR GLOVES
R0463,VSK-5498,Veskarra Headlight Bulb (4-Pk)
R0464,NVK-1345,NORVIKKA WIPER (6-PK)
R0465,VSK-6945,?
R0466,AXK-5872,AXKORT WNTR COVERALL
R0467,TLV-6451,TELVOSSA HI-VIS JACKET
R0468,VRN-3229,VRN RUBBER WIPER BLADES VRN-3229
R0469,GVX-8397,gruvatex hivis jacket sz l
R0470,KRV-7182,KRELVONNE AIR FILTER 2YR WNTY
R0471,GVX-1815,gruvatex hi vis jacket l gvx-1815
R0472,VRN-4677,Vornelle Spark Plugs Vrn-4677
R0473,MLT-5636,maltrion cabin filter mlt-5636
R0474,MLT-8506,MLT IGN COIL
R0475,NVK-6804,norvikka frt wiper blade 4 pack nvk-6804
R0476,KRV-8669,KRV ROTOR KRV-8669
R0477,NVK-5635,NORVIKKA SPARK PLUG NVK-5635
R0478,VRN-3478,VORNELLE OIL FLTR 2YR WNTY PRO VRN-3478
R0479,VRN-6841,VORNELLE CABIN FLTR PRO VRN-6841
R0480,BEL-4479,BELVAND ROTORS
R0481,BRH-2737,BRUMHALT COTTON WNTR COVERALLS L
R0482,BTX-1718,BRONTEXA IGN COIL
R0483,BTX-2158,brontexa frt calipers bulk btx-2158
R0484,NVK-3525,NVK HEADLIGHT BULB
R0485,KDR-9399,KDR AIR FLTR
R0486,WRF-4673,Wrenfold Nitrile Wntr Glove 2Xl
R0487,TLV-5921,Telvossa Coverall L Hd
R0488,NVK-2339,Norvikka Cabin Filter Nvk-2339
R0489,NVK-6592,NORVIKKA SEMI-METALLIC BRAKE PADS NEW
R0490,KDR-5961,kadrimo semi-metallic brk pads
R0491,MLT-1439,Mlt Rear Rotors
R0492,VRN-2908,?
R0493,MLT-7418,Mlt Ignition Coil
R0494,NVK-8993,Nvk Spark Plugs (12-Pk) Nvk-8993
R0495,VRN-6681,VORNELLE CABIN FLTR WNTY 90D
R0496,QVN-8675,QVN IGN COIL
R0497,VRN-3654,VORNELLE AIR FLTR BULK VRN-3654
R0498,BEL-6878,belvand rear brake pads 2-pk vsk-6878
R0499,MLT-6820,maltrion caliper
R0500,VRN-2669,vornelle brake pads hd
R0501,VRN-9165,vornelle oil filter
R0502,BRH-5698,brumhalt hi-vis jacket size l
R0503,VSK-7773,VESKARRA HEADLIGHT BULB SET OF 8
R0504,QVN-3473,QUORVYN CERAMIC BRAKE PADS SET OF 2
R0505,QVN-5583,QUORVYN OIL FILTER QVN-5583
R0506,QVN-2380,QVN RUBBER WIPER BLADE
R0507,NVK-3621,nvk caliper
R0508,QVN-8424,quorvyn ceramic front brake pads set of 2
R0509,MLT-9461,maltrion air fltr bulk
R0510,TLV-9502,Telvossa Insulated Coverall 2Xl
R0511,GVX-3119,GRUVATEX WINTER HIVIS JACKET SZ XL GVX-3119
R0512,BRH-1659,   
R0513,VSK-5644,VSK ROTOR WNTY 90D HD
R0514,TLV-9270,TELVOSSA COTTON COVERALL 2XL
R0515,MLT-6554,MALTRION AIR FLTR
R0516,NVK-2395,nvk hdlght bulb (12-pk)
R0517,KRV-9741,krelvonne rear wiper (12-pk)
R0518,VSK-9876,vsk spark plugs 2-pk new
R0519,GVX-2617,gruvatex thermal hi vis jacket size xl
R0520,MLT-7308,   
R0521,BRH-5035,BRUMHALT WNTR COVERALL
R0522,KRV-8401,KRV RH ROTOR HD
R0523,TLV-9750,TELVOSSA LEATHER GLOVE SZ 2XL PRO
R0524,QVN-5282,QUORVYN CALIPER
R0525,KRV-1033,KRELVONNE OIL FILTER
R0526,KDR-2270,kadrimo hdlght bulb bulk
R0527,BTX-8283,BTX HDLGHT BULB (4-PK)
R0528,MLT-9090,maltrion ignition coil
R0529,TLV-2070,telvossa leather winter gloves set of 12 2xl
R0530,BRH-8437,BRH GLOVE L
R0531,KDR-8644,Kadrimo Air Filter Kdr-8644
R0532,MLT-4696,maltrion brk pads mlt-4696
R0533,BTX-1393,BRONTEXA IGN COIL
R0534,WRF-8314,WRENFOLD LEATHER GLOVES SZ 2XL
R0535,VRN-1855,VORNELLE CERAMIC BRK PADS
R0536,VRN-8014,Vornelle Ignition Coil
R0537,KDR-4172,Kadrimo Rotors
R0538,BTX-9407,BRONTEXA RH CALIPER BTX-9407
R0539,BTX-3369,btx oil filter pro
R0540,VRN-6425,VORNELLE ROTOR VRN-6425
R0541,MLT-4916,maltrion ceramic brk pads
R0542,QVN-1719,QUORVYN SEMI-METALLIC LEFT BRAKE PADS QVN-1719
R0543,MLT-2657,Mlt Calipers Mlt-2657
R0544,QVN-8106,QUORVYN CALIPERS QVN-8106
R0545,QVN-4098,QUORVYN WIPER BLADE 2-PK NEW
R0546,GVX-9342,Gruvatex Cotton Coverall Sz 2Xl
R0547,VSK-1599,Vsk Oil Filter Vsk-1599
R0548,QVN-5834,Quorvyn Frt Rotors
R0549,VRN-7264,VRN AIR FLTR
R0550,KDR-2612,KDR SPARK PLUG 2YR WNTY
R0551,NVK-3258,NORVIKKA HDLGHT BULB NVK-3258
R0552,VSK-1194,VESKARRA HDLGHT BULB
R0553,MLT-8679,Maltrion Caliper Pro
R0554,BTX-3102,Brontexa Cabin Filter
R0555,NVK-3279,nvk headlight bulb 2 pack
R0556,VRN-1439,Vrn Semi-Metallic Rear Brk Pads Set Of 12
R0557,QVN-8835,Quorvyn Semi-Metallic Rear Brake Pads
R0558,NVK-9232,NORVIKKA IGN COIL PRO
R0559,QVN-8539,QUORVYN CALIPERS
R0560,NVK-3942,norvikka wiper hd
R0561,NVK-4559,NORVIKKA GLOVE S
R0562,KRV-9291,Krv Air Filter Wnty 90D
R0563,KDR-8171,KDR CERAMIC RH BRAKE PADS HD KDR-8171
R0564,BTX-3915,btx left rotors hd
R0565,VSK-7908,vsk ceramic brake pads set of 4 vsk-7908
R0566,GVX-4393,Gruvatex Leather Glove 12 Pack Sz L New Gvx-4393
R0567,VRN-5562,VORNELLE AIR FLTR 2YR WNTY
R0568,KRV-3177,Krelvonne Lh Wntr Wiper Blades
R0569,MLT-3032,maltrion wiper 2 pack mlt-3032
R0570,MLT-6385,mlt rh rotors
R0571,NVK-5068,NORVIKKA WNTR GLOVE SET OF 2 NVK-5068
R0572,KRV-4348,krv rear brk pads
R0573,NVK-4299,NORVIKKA CALIPER WNTY 90D NVK-4299
R0574,KRV-2363,Krelvonne Wiper Blade 8-Pk Bulk
R0575,KDR-8688,KDR IGNITION COIL WNTY 90D
R0576,VRN-2167,vornelle air filter pro vrn-2167
R0577,NVK-7313,NORVIKKA COVERALLS SIZE L
R0578,VRN-3414,VORNELLE OIL FILTER 2YR WNTY
R0579,WRF-5143,wrenfold cotton coverall
R0580,QVN-7520,Quorvyn Spark Plugs 4-Pk Hd
R0581,VSK-7138,vsk oil filter hd
R0582,KRV-2789,KRELVONNE RIGHT BRAKE PADS KRV-2789
R0583,KDR-5359,KADRIMO CABIN FILTER KDR-5359
R0584,NVK-8753,norvikka air fltr
R0585,VSK-1937,veskarra air fltr bulk
R0586,NVK-5072,NORVIKKA IGN COIL NVK-5072
R0587,QVN-6333,Quorvyn Oil Filter
R0588,TLV-7305,telvossa coveralls
R0589,KDR-9990,kadrimo spark plug kdr-9990
R0590,KDR-1478,Kdr Caliper Kdr-1478
R0591,BRH-9060,Brh Coverall
R0592,VSK-4823,VSK WIPER BLADES NEW
R0593,QVN-9775,QVN CERAMIC RH BRK PADS
R0594,MLT-1150,MALTRION IGN COIL MLT-1150
R0595,NVK-1562,NORVIKKA WNTR ROTORS
R0596,NVK-3501,norvikka left calipers pro
R0597,GVX-7412,GRUVATEX GLOVE SIZE XL BULK GVX-7412
R0598,BRH-8904,
R0599,KRV-2573,KRELVONNE RUBBER WIPER BLADE NEW
R0600,BTX-7498,BRONTEXA AIR FILTER
R0601,VSK-7018,VSK HEADLIGHT BULBS WNTY 90D
R0602,CRU-3967,crumane hivis jacket 2xl tlv-3967
R0603,BRH-4399,Brumhalt Leather Winter Gloves 2Xl Brh-4399
R0604,CRU-9292,CRUMANE CERAMIC LEFT BRK PADS MLT-9292
R0605,VRN-9035,vornelle oil fltr
R0606,KRV-6882,Krelvonne Ceramic Brk Pads Wnty 90D
R0607,TLV-2156,TELVOSSA HI VIS JACKET M NEW
R0608,KRV-7208,Krv Rotors 2Yr Wnty
R0609,QVN-7203,QUORVYN CERAMIC REAR BRAKE PADS SET OF 2 QVN-7203
R0610,NVK-1785,NVK OIL FLTR
R0611,TLV-3547,Telvossa Coveralls Size S
R0612,VSK-8678,VESKARRA HEADLIGHT BULB 6 PACK
R0613,NVK-2534,NVK CERAMIC FRONT BRAKE PADS
R0614,KRV-9437,KRELVONNE AIR FILTER
R0615,QVN-9652,QUORVYN WINTER WIPER QVN-9652
R0616,GVX-7925,GRUVATEX COTTON WNTR COVERALL SZ 2XL
R0617,NVK-9446,norvikka nitrile winter glove (4-pk) size 2xl bulk
R0618,GVX-2388,gruvatex coveralls size xl gvx-2388
R0619,NVK-3984,Norvikka Air Fltr
R0620,CRU-4251,crumane cabin fltr wnty 90d
R0621,NVK-9012,NORVIKKA CABIN FILTER
R0622,TLV-4874,Tlv Leather Insulated Glove M
R0623,MLT-4061,mlt headlight bulbs mlt-4061
R0624,KDR-3436,kdr rear wiper blade (12-pk) pro
R0625,VSK-8851,Vsk Semi-Metallic Brk Pads Vsk-8851
R0626,QVN-3977,QVN AIR FILTER QVN-3977
R0627,NVK-6956,Norvikka Cabin Filter 2Yr Wnty
R0628,WRF-3137,Wrenfold Leather Gloves (6-Pk) Xl
R0629,QVN-4140,quorvyn ceramic rear brk pads
R0630,BTX-5491,brontexa air filter btx-5491
R0631,TLV-7393,?
R0632,NVK-2951,nvk spark plugs 6-pk
R0633,BRH-7047,brumhalt glove 4-pk size s
R0634,NVK-1256,NORVIKKA AIR FILTER
R0635,MLT-4614,maltrion ignition coil
R0636,QVN-3885,QVN RIGHT WNTR WIPER SET OF 4 PRO
R0637,KRV-2642,KRELVONNE RIGHT ROTORS KRV-2642
R0638,BTX-2742,Brontexa Rubber Wntr Wiper (12-Pk)
R0639,QVN-9906,qvn left rotors bulk qvn-9906
R0640,KRV-5699,KRV AIR FLTR
R0641,NVK-2939,NORVIKKA CALIPERS NVK-2939
R0642,KRV-5441,KRELVONNE RUBBER WIPER
R0643,GVX-2854,Gruvatex Glove 4-Pk Sz Xl Bulk
R0644,WRF-7278,WRENFOLD HI VIS JACKET M
R0645,MLT-4853,maltrion air filter bulk
R0646,KRV-3361,KRELVONNE OIL FLTR KRV-3361
R0647,VSK-2208,veskarra rubber wiper new vsk-2208
R0648,TLV-8274,telvossa nitrile winter glove (4-pk) sz l hd
R0649,VSK-8443,veskarra air fltr
R0650,WRF-4471,WRENFOLD HI-VIS JACKET
R0651,QVN-7637,quorvyn cabin filter wnty 90d qvn-7637
R0652,QVN-5623,QVN IGNITION COIL 2YR WNTY
R0653,NVK-1748,Nvk Front Winter Brk Pads
R0654,QVN-2595,Quorvyn Air Filter Qvn-2595
R0655,BRH-4794,BRUMHALT WNTR GLOVES SET OF 8 SIZE S
R0656,VSK-2228,VESKARRA CABIN FLTR 2YR WNTY NEW
R0657,KDR-2461,KDR SEMI-METALLIC LH BRK PADS 6 PACK
R0658,TLV-7568,TELVOSSA WNTR HI VIS JACKET
R0659,NVK-1699,norvikka spk plg 2yr wnty
R0660,VSK-4654,VESKARRA AIR FLTR
R0661,KRV-4268,Krelvonne Brake Pads
R0662,BTX-8699,BTX OIL FILTER BULK BTX-8699
R0663,GVX-7929,Gruvatex Wntr Hi-Vis Jacket L Gvx-7929
R0664,MLT-5250,Mlt Air Filter Wnty 90D
R0665,VRN-3632,   
R0666,KRV-6185,KRV BRK PADS
R0667,BTX-3059,Brontexa Oil Filter 2Yr Wnty
R0668,MLT-1235,MALTRION OIL FLTR WNTY 90D
R0669,VSK-9887,veskarra cabin fltr bulk
R0670,NVK-8167,NORVIKKA CABIN FILTER NVK-8167
R0671,VRN-9924,vrn air fltr
R0672,VSK-3038,veskarra headlight bulb
R0673,MLT-5384,maltrion air fltr
R0674,BRH-9502,BRUMHALT INSULATED COVERALL SZ L
R0675,VSK-8030,vsk rotor new
R0676,WRF-3605,wrenfold wntr gloves sz l hd
R0677,KDR-6867,Kdr Rear Wiper Blade
R0678,BTX-3355,brontexa oil filter btx-3355
R0679,KDR-7402,KDR REAR ROTOR 2YR WNTY
R0680,KRV-1166,KRELVONNE CABIN FILTER
R0681,NVK-4543,norvikka ceramic front brake pads 2yr wnty
R0682,KDR-5822,kadrimo spark plug
R0683,NVK-8992,Norvikka Glove 12 Pack M
R0684,QVN-8363,QVN SPARK PLUGS
R0685,WRF-6286,Wrenfold Hi-Vis Jacket Size M
R0686,BTX-5646,BRONTEXA SEMI-METALLIC LEFT BRAKE PADS
R0687,VSK-6244,vsk spark plugs
R0688,QVN-5670,QVN FRONT ROTOR
R0689,BTX-7559,BTX SEMI-METALLIC RH BRK PADS
R0690,BRH-2683,brh hi-vis jacket l
R0691,QVN-5254,Quorvyn Front Brake Pads Wnty 90D New
R0692,KRV-7771,Krelvonne Left Wiper
R0693,MLT-4971,   
R0694,VSK-2712,VESKARRA CABIN FLTR
R0695,GVX-9412,gvx coverall sz xl wnty 90d new
R0696,KDR-4941,KDR CABIN FLTR BULK
R0697,MLT-9227,MALTRION AIR FLTR WNTY 90D MLT-9227
R0698,BEL-9497,belvand right rotors mlt-9497
R0699,NVK-7628,norvikka spark plugs
R0700,NVK-2544,nvk frt caliper nvk-2544
R0701,VRN-1208,VORNELLE OIL FLTR NEW
R0702,QVN-1284,QUORVYN CERAMIC RH BRAKE PADS PRO
R0703,VRN-9940,Vornelle Oil Fltr
R0704,VRN-1339,vrn spark plug vrn-1339
R0705,VSK-4175,VESKARRA HEADLIGHT BULB
R0706,KRV-6715,KRELVONNE CABIN FLTR KRV-6715
R0707,KDR-3410,KADRIMO LEFT WIPER SET OF 2
R0708,BTX-6771,BRONTEXA SEMI-METALLIC BRAKE PADS (8-PK) BTX-6771
R0709,BEL-3337,belvand headlight bulbs krv-3337
R0710,VSK-6091,vsk wiper blade set of 6 pro vsk-6091
R0711,NVK-8555,NORVIKKA OIL FLTR NVK-8555
R0712,QVN-7889,QUORVYN SPARK PLUG 2YR WNTY
R0713,MLT-7113,MLT OIL FLTR WNTY 90D HD
R0714,BRH-8888,BRUMHALT NITRILE WINTER GLOVES L
R0715,VRN-3535,vornelle spark plug
R0716,KRV-7401,KRV SEMI-METALLIC FRONT BRK PADS 2 PACK PRO
R0717,KDR-8801,KADRIMO RUBBER WIPER BLADE (4-PK)
R0718,VSK-5960,Vsk Ceramic Lh Brake Pads Vsk-5960
R0719,KRV-9405,KRV SEMI-METALLIC BRAKE PADS
R0720,NVK-2117,NORVIKKA OIL FLTR
R0721,NVK-6703,NORVIKKA HEADLIGHT BULB (12-PK) 2YR WNTY
R0722,MLT-4876,mlt oil filter
R0723,BTX-2194,BRONTEXA OIL FLTR
R0724,MLT-9046,MALTRION AIR FLTR
R0725,BTX-6891,Brontexa Brake Pads Set Of 4
R0726,WRF-2100,wrenfold glove sz 2xl new wrf-2100
R0727,BTX-5118,BRONTEXA SPARK PLUG 2YR WNTY BTX-5118
R0728,WRF-2816,wrenfold coverall 2xl wnty 90d wrf-2816
R0729,QVN-2021,QVN CALIPERS
R0730,CRU-2320,crumane oil fltr kdr-2320
R0731,VRN-4731,VRN AIR FILTER 2YR WNTY
R0732,BTX-8040,BRONTEXA SPK PLG 4-PK NEW
R0733,KDR-1244,KADRIMO FRONT CALIPERS 2YR WNTY KDR-1244
R0734,NVK-2251,NORVIKKA COVERALL SZ S
R0735,GVX-8966,GRUVATEX NITRILE GLOVES 12-PK S GVX-8966
R0736,MLT-8434,MALTRION ROTORS NEW
R0737,VSK-4021,Veskarra Semi-Metallic Brake Pads Set Of 2 Wnty 90D
R0738,NVK-8111,NORVIKKA GLOVES SZ L
R0739,VSK-9501,veskarra spark plug vsk-9501
R0740,NVK-6926,norvikka rubber left wntr wiper blades set of 8
R0741,VRN-1606,vornelle cabin fltr
R0742,WRF-5252,wrenfold cotton coveralls sz m hd wrf-5252
R0743,VRN-1996,vornelle spark plug set of 4 wnty 90d vrn-1996
R0744,KDR-7084,KADRIMO SPK PLG 6 PACK WNTY 90D KDR-7084
R0745,VSK-7139,VESKARRA OIL FLTR HD VSK-7139
R0746,MLT-3458,MALTRION CERAMIC LEFT BRAKE PADS
R0747,KDR-9525,KADRIMO FRT WIPER BLADES KDR-9525
R0748,VRN-2890,VORNELLE AIR FLTR
R0749,TLV-9808,tlv cotton coverall xl new
R0750,KRV-4245,Krelvonne Air Fltr 2Yr Wnty
R0751,BTX-7919,BRONTEXA SEMI-METALLIC REAR BRAKE PADS NEW
R0752,QVN-8138,QUORVYN BRK PADS
R0753,KRV-7060,KRELVONNE SPARK PLUG
R0754,NVK-3346,nvk ceramic right brk pads set of 8 nvk-3346
R0755,VRN-3774,vornelle oil fltr
R0756,KRV-9844,Krelvonne Calipers 2Yr Wnty Krv-9844
R0757,KRV-5832,KRELVONNE CABIN FILTER KRV-5832
R0758,KDR-6359,KDR RUBBER WIPER BLADE
R0759,BTX-9540,BRONTEXA OIL FILTER BTX-9540
R0760,MLT-9138,
R0761,MLT-7230,maltrion spark plugs set of 6 mlt-7230
R0762,VRN-7425,VORNELLE OIL FLTR
R0763,VRN-7960,vrn air fltr
R0764,TLV-7701,tlv cotton coverall size s
R0765,VRN-9782,VRN CERAMIC FRONT BRK PADS 8-PK HD
R0766,WRF-3572,wrenfold cotton thermal coveralls size m
R0767,CRU-1692,crumane front wntr wiper blades
R0768,VSK-5423,Veskarra Headlight Bulbs Wnty 90D Pro Vsk-5423
R0769,NVK-2633,norvikka leather glove sz l
R0770,MLT-9955,Maltrion Wiper Blade
R0771,NVK-2370,Nvk Spark Plugs
R0772,WRF-6535,wrenfold nitrile gloves size xl
R0773,VRN-6272,vornelle spark plug (4-pk) vrn-6272
R0774,KDR-2862,KDR SPARK PLUG
R0775,BTX-8134,brontexa air fltr
R0776,MLT-7082,MALTRION SPARK PLUG
R0777,GVX-3463,gruvatex cotton coveralls size s hd
R0778,KRV-4703,KRELVONNE CABIN FILTER
R0779,VSK-9864,veskarra oil filter 2yr wnty pro vsk-9864
R0780,VSK-5542,VESKARRA HDLGHT BULB
R0781,BRH-3700,Brumhalt Hi-Vis Jacket Size M 2Yr Wnty Bulk
R0782,MLT-8773,MALTRION HDLGHT BULB SET OF 8
R0783,GVX-8133,Gruvatex Gloves Sz L
R0784,MLT-3932,Maltrion Ignition Coil Mlt-3932
R0785,NVK-8843,NORVIKKA COTTON COVERALLS L
R0786,VRN-9938,vornelle ignition coil
R0787,BRH-4181,BRUMHALT NITRILE GLOVES SIZE S
R0788,QVN-7605,quorvyn ignition coil 2yr wnty qvn-7605
R0789,VSK-1052,VESKARRA ROTOR
R0790,KDR-3774,KADRIMO LEFT BRK PADS
R0791,GVX-1873,gruvatex hi vis jacket sz l
R0792,NVK-9026,norvikka frt rotor
R0793,WRF-8108,WRENFOLD HIVIS JACKET SIZE M
R0794,MLT-8785,mlt ceramic frt brk pads
R0795,BTX-8790,BRONTEXA AIR FILTER BTX-8790
R0796,VRN-8126,VORNELLE CABIN FLTR
R0797,MLT-9306,   
R0798,WRF-3128,wrenfold cotton coveralls
R0799,KRV-8152,KRV LEFT BRAKE PADS SET OF 4 2YR WNTY
R0800,TLV-3187,telvossa cotton coverall size s
R0801,BTX-4852,brontexa spark plug bulk
R0802,MLT-3947,Maltrion Rh Rotor Mlt-3947
R0803,KDR-7626,Kadrimo Front Rotors
R0804,TLV-5237,TELVOSSA HI-VIS JACKET XL
R0805,NVK-2310,nvk insulated glove 8-pk xl
R0806,KDR-8540,KADRIMO OIL FLTR KDR-8540
R0807,QVN-1583,quorvyn lh rotors qvn-1583
R0808,VRN-4999,vornelle rh rotors wnty 90d hd
R0809,NVK-2298,NORVIKKA THERMAL COVERALLS L
R0810,BTX-5502,brontexa right caliper bulk
R0811,BTX-3126,brontexa air fltr
R0812,KDR-8547,Kadrimo Oil Fltr
R0813,GVX-5189,GRUVATEX GLOVES M GVX-5189
R0814,QVN-8657,QVN OIL FILTER
R0815,VRN-7148,vornelle oil filter vrn-7148
R0816,NVK-7851,NORVIKKA CERAMIC RH BRK PADS
R0817,VSK-7618,Veskarra Ign Coil Vsk-7618
R0818,QVN-7852,QUORVYN SEMI-METALLIC BRAKE PADS HD
R0819,MLT-8731,maltrion oil fltr wnty 90d
R0820,MLT-4273,MALTRION AIR FLTR 2YR WNTY
R0821,CRU-6427,Crumane Hi-Vis Jacket Sz S Gvx-6427
R0822,VRN-5260,Vornelle Spk Plg (8-Pk)
R0823,BRH-8209,BRUMHALT WINTER GLOVES 2-PK SIZE 2XL
R0824,QVN-4982,QUORVYN AIR FILTER
R0825,NVK-6417,NORVIKKA HDLGHT BULB NVK-6417
R0826,QVN-8787,Quorvyn Semi-Metallic Brk Pads 4-Pk Qvn-8787
R0827,BTX-5963,Btx Ignition Coil
R0828,KRV-3553,KRELVONNE IGN COIL
R0829,VRN-6609,vrn spark plugs 2-pk
R0830,BTX-9587,Brontexa Spk Plg
R0831,KDR-4741,KADRIMO CERAMIC REAR BRAKE PADS (4-PK) KDR-4741
R0832,GVX-8606,gvx cotton coveralls size m bulk gvx-8606
R0833,MLT-8041,Maltrion Spark Plugs 2 Pack Bulk
R0834,KRV-8918,KRELVONNE OIL FLTR
R0835,KDR-3984,KADRIMO IGN COIL
R0836,KDR-4493,kadrimo rear wiper blade 2 pack
R0837,VSK-3574,VESKARRA ROTOR
R0838,NVK-6017,NORVIKKA CABIN FLTR
R0839,VSK-1319,?
R0840,QVN-4522,QUORVYN HEADLIGHT BULB PRO QVN-4522
R0841,AXK-7390,AXKORT IGN COIL
R0842,QVN-5656,QVN OIL FILTER BULK
R0843,KDR-5271,KADRIMO SPARK PLUG (12-PK)
R0844,NVK-4016,norvikka hi-vis jacket size m new nvk-4016
R0845,VSK-1987,Veskarra Brk Pads Wnty 90D
R0846,NVK-2237,norvikka spk plg
R0847,WRF-8060,wrenfold coverall size s wrf-8060
R0848,VRN-8084,Vornelle Spark Plug Bulk Vrn-8084
R0849,MLT-6351,MALTRION OIL FILTER
R0850,KRV-9739,krelvonne front rotors
R0851,NVK-4817,norvikka calipers bulk nvk-4817
R0852,GVX-3042,GVX WNTR GLOVES SZ M GVX-3042
R0853,QVN-9305,QUORVYN HEADLIGHT BULB (2-PK) BULK
R0854,NVK-8113,NORVIKKA AIR FLTR
R0855,NVK-3096,Norvikka Ceramic Brake Pads 4 Pack Pro
R0856,KRV-3861,krelvonne air filter krv-3861
R0857,VRN-5344,VORNELLE LEFT ROTORS VRN-5344
R0858,VSK-2509,Veskarra Ceramic Brake Pads (2-Pk)
R0859,BRH-2579,brumhalt nitrile wntr gloves pro brh-2579
R0860,KDR-5106,KDR AIR FLTR
R0861,GVX-1560,GRUVATEX COVERALL M 2YR WNTY GVX-1560
R0862,VSK-6634,VSK RH CALIPER VSK-6634
R0863,QVN-8476,quorvyn wiper set of 8
R0864,KDR-2820,KDR SPK PLG
R0865,KRV-1273,krv ceramic brk pads
R0866,MLT-3732,MALTRION SPARK PLUGS
R0867,VSK-8807,VESKARRA RIGHT WIPER SET OF 12 WNTY 90D
R0868,KDR-7723,kdr ign coil
R0869,VSK-2155,vsk headlight bulb 6-pk pro vsk-2155
R0870,KDR-9589,KDR OIL FLTR
R0871,QVN-1671,QUORVYN ROTOR
R0872,NVK-6940,NVK HDLGHT BULB 12 PACK
R0873,NVK-9320,NORVIKKA OIL FLTR HD
R0874,VSK-7157,VESKARRA RH CALIPERS
R0875,MLT-1653,MALTRION SEMI-METALLIC BRK PADS
R0876,VSK-1420,VSK IGNITION COIL WNTY 90D BULK
R0877,QVN-5074,quorvyn oil filter
R0878,QVN-3818,quorvyn spark plugs
R0879,BRH-7270,Brh Glove Set Of 8 Size Xl
R0880,NVK-9818,Nvk Brake Pads Bulk
R0881,KRV-2697,KRELVONNE AIR FLTR
R0882,KRV-4677,krelvonne right calipers
R0883,WRF-4149,wrenfold hivis jacket 2xl
R0884,QVN-6972,QUORVYN HEADLIGHT BULBS SET OF 6 PRO
R0885,KRV-9314,KRELVONNE HDLGHT BULB
R0886,MLT-8146,MLT FRONT WIPER BLADES MLT-8146
R0887,QVN-5128,QUORVYN ROTORS
R0888,VRN-5991,vornelle caliper
R0889,QVN-2163,QUORVYN IGN COIL QVN-2163
R0890,KRV-2957,Krelvonne Rotors
R0891,KRV-9186,KRV LH WIPER BLADE 8-PK
R0892,BTX-1969,BRONTEXA SPARK PLUGS 12-PK 2YR WNTY BULK
R0893,KDR-4088,KADRIMO AIR FLTR
R0894,KRV-3908,krelvonne ign coil 2yr wnty
R0895,NVK-2633,Norvikka Wntr Coverall Size 2Xl
R0896,KDR-1681,KADRIMO SEMI-METALLIC REAR BRAKE PADS NEW
R0897,MLT-5799,Maltrion Spark Plug 4 Pack Hd
R0898,VRN-5705,VORNELLE AIR FILTER HD
R0899,QVN-1773,QUORVYN SPARK PLUG QVN-1773
R0900,BEL-4630,belvand rubber wiper blades 4-pk
R0901,NVK-4741,Norvikka Left Wiper
R0902,NVK-5466,NORVIKKA SPARK PLUGS NVK-5466
R0903,BTX-3111,brontexa spark plugs (8-pk) bulk btx-3111
R0904,VSK-5284,Vsk Headlight Bulbs 12 Pack
R0905,BTX-1623,Brontexa Rear Rotors Btx-1623
R0906,BTX-4447,Brontexa Rear Rotors
R0907,BTX-9283,BTX LEFT CALIPERS BTX-9283
R0908,NVK-3348,norvikka ign coil 2yr wnty
R0909,NVK-1096,norvikka winter coveralls nvk-1096
R0910,TLV-9037,Telvossa Leather Glove 2Xl Tlv-9037
R0911,KRV-3626,KRELVONNE LEFT ROTOR BULK
R0912,GVX-7899,GRUVATEX HI VIS JACKET XL
R0913,MLT-4188,MALTRION ROTOR
R0914,KRV-5920,KRELVONNE RH CALIPERS
R0915,VRN-4382,Vornelle Cabin Filter
R0916,MLT-3139,maltrion headlight bulb set of 4
R0917,KDR-4326,Kadrimo Semi-Metallic Front Brk Pads (2-Pk)
R0918,NVK-9721,norvikka rubber wiper 4 pack nvk-9721
R0919,KRV-3792,KRELVONNE SEMI-METALLIC FRT BRK PADS 8-PK BULK
R0920,NVK-7449,NORVIKKA WINTER HIVIS JACKET SZ L
R0921,VRN-4146,Vornelle Semi-Metallic Brake Pads Vrn-4146
R0922,VSK-5470,VESKARRA CABIN FLTR VSK-5470
R0923,BTX-7146,brontexa semi-metallic rh brk pads set of 2 btx-7146
R0924,VRN-1376,vornelle left brake pads wnty 90d pro
R0925,QVN-2733,QUORVYN SEMI-METALLIC BRAKE PADS 8-PK QVN-2733
R0926,AXK-9115,AXKORT CERAMIC BRAKE PADS 12 PACK
R0927,MLT-2241,mlt ceramic brk pads
R0928,NVK-5111,NORVIKKA AIR FILTER
R0929,KDR-1196,KADRIMO SEMI-METALLIC BRAKE PADS SET OF 8
R0930,NVK-5919,Norvikka Semi-Metallic Lh Brake Pads New
R0931,VSK-8408,Vsk Hdlght Bulb Vsk-8408
R0932,GVX-3474,Gruvatex Hi-Vis Jacket Sz M Wnty 90D Gvx-3474
R0933,NVK-8091,Norvikka Right Rotor Hd Nvk-8091
R0934,MLT-9097,Maltrion Oil Fltr
R0935,KDR-9677,kadrimo ign coil
R0936,VSK-6344,Veskarra Cabin Fltr
R0937,MLT-4750,maltrion hdlght bulb
R0938,KDR-2332,kadrimo spark plug set of 6 wnty 90d
R0939,BRH-5468,BRUMHALT LEATHER GLOVE SET OF 2 2XL
R0940,NVK-4193,norvikka ign coil
R0941,NVK-7904,nvk caliper
R0942,QVN-5481,QUORVYN CABIN FILTER QVN-5481
R0943,BEL-7144,Belvand Lh Rotor
R0944,BTX-9137,BTX HEADLIGHT BULBS 4-PK
R0945,NVK-9068,norvikka winter hivis jacket size s
R0946,NVK-1859,norvikka front rotor 2yr wnty
R0947,VSK-7484,vsk oil fltr
R0948,MLT-9052,mlt ignition coil
R0949,NVK-3619,norvikka spk plg set of 8 nvk-3619
R0950,CRU-4368,crumane rh brake pads
R0951,NVK-6471,NVK COTTON THERMAL COVERALL SIZE S NVK-6471
R0952,MLT-2757,Maltrion Oil Filter
R0953,KRV-7030,KRV AIR FILTER
R0954,BTX-5948,BTX OIL FLTR
R0955,BTX-3860,btx headlight bulbs
R0956,VRN-1608,VORNELLE CERAMIC BRK PADS 8 PACK HD
R0957,VRN-1031,VORNELLE RUBBER LH WINTER WIPER
R0958,QVN-9859,qvn semi-metallic rh brk pads
R0959,TLV-3255,Telvossa Nitrile Glove
R0960,GVX-3285,GRUVATEX COVERALLS M
R0961,BTX-3698,BRONTEXA SPK PLG BTX-3698
R0962,VSK-4589,Veskarra Spk Plg Vsk-4589
R0963,GVX-9113,GVX GLOVES
R0964,GVX-4392,GVX WINTER HI-VIS JACKET SIZE S GVX-4392
R0965,NVK-1686,NORVIKKA SEMI-METALLIC LEFT BRK PADS BULK
R0966,QVN-2422,QUORVYN SEMI-METALLIC BRAKE PADS 2YR WNTY
R0967,NVK-1168,NORVIKKA CERAMIC BRAKE PADS
R0968,CRU-2927,Crumane Air Fltr
R0969,KRV-7172,Krv Ceramic Right Brake Pads
R0970,KDR-8044,Kdr Front Wntr Wiper Blade Kdr-8044
R0971,NVK-3253,Nvk Ceramic Brake Pads 2Yr Wnty
R0972,KDR-4039,KADRIMO OIL FILTER KDR-4039
R0973,BTX-6235,Brontexa Ceramic Lh Brake Pads
R0974,KDR-3080,KADRIMO IGNITION COIL HD
R0975,NVK-7465,Nvk Nitrile Glove Size Xl Nvk-7465
R0976,AXK-4954,AXKORT HI VIS JACKET SIZE M WRF-4954
R0977,BTX-6594,BRONTEXA HDLGHT BULB SET OF 8
R0978,WRF-2490,wrenfold nitrile glove 2xl wrf-2490
R0979,MLT-6311,Maltrion Oil Filter
R0980,VSK-4085,VESKARRA OIL FILTER VSK-4085
R0981,MLT-3841,MLT SPK PLG MLT-3841
R0982,VRN-8521,VORNELLE LEFT ROTOR
R0983,MLT-5539,maltrion rh brake pads
R0984,QVN-3967,QVN CABIN FILTER 2YR WNTY
R0985,TLV-1161,tlv insulated coverall
R0986,MLT-6189,MALTRION SPARK PLUGS MLT-6189
R0987,NVK-3713,NORVIKKA SEMI-METALLIC REAR BRK PADS
R0988,MLT-2343,Maltrion Air Fltr
R0989,NVK-8154,Norvikka Spk Plg Bulk
R0990,VSK-4782,veskarra rubber rear wntr wiper 8-pk vsk-4782
R0991,QVN-8296,quorvyn spark plugs qvn-8296
R0992,MLT-9698,MALTRION ROTORS
R0993,BTX-5563,brontexa semi-metallic left brake pads hd btx-5563
R0994,KRV-2262,Krv Rubber Rh Winter Wiper Blades
R0995,KRV-5461,KRELVONNE REAR ROTORS BULK KRV-5461
R0996,WRF-3655,WRENFOLD GLOVES SZ S NEW
R0997,VSK-8645,veskarra air fltr
R0998,GVX-5889,gvx cotton coverall size s
R0999,KRV-3291,Krelvonne Cabin Fltr Pro
R1000,QVN-2659,QUORVYN RUBBER RIGHT WIPER BLADE
R1001,VRN-8855,vrn air fltr vrn-8855
R1002,NVK-8541,NORVIKKA LEFT WIPER (8-PK)
R1003,KDR-5376,   
R1004,MLT-3484,maltrion rotor
R1005,KDR-6615,KADRIMO RUBBER WNTR WIPER BLADE SET OF 8
R1006,QVN-9520,Quorvyn Ignition Coil Bulk Qvn-9520
R1007,TLV-2744,TELVOSSA WNTR HI-VIS JACKET SZ L TLV-2744
R1008,BEL-6426,BELVAND AIR FILTER
R1009,VSK-2937,veskarra semi-metallic rh brk pads vsk-2937
R1010,KRV-2357,KRV RIGHT CALIPERS
R1011,KRV-7009,KRELVONNE REAR WIPER (6-PK) WNTY 90D KRV-7009
R1012,MLT-7403,MALTRION IGN COIL
R1013,KDR-5259,Kdr Oil Filter Kdr-5259
R1014,VRN-5811,Vornelle Lh Rotor
R1015,KRV-2928,KRV FRT CALIPERS NEW
R1016,KDR-5956,Kadrimo Cabin Filter
R1017,NVK-6301,NORVIKKA BRK PADS
R1018,GVX-6481,gvx nitrile wntr gloves gvx-6481
R1019,BTX-2713,BRONTEXA CERAMIC BRAKE PADS
R1020,MLT-1645,maltrion spk plg
R1021,AXK-4783,AXKORT BRAKE PADS
R1022,VSK-1664,vsk spark plug hd
R1023,WRF-9750,WRENFOLD LEATHER GLOVE (6-PK) SZ S
R1024,VSK-5230,vsk ceramic brk pads
R1025,NVK-1054,NORVIKKA FRONT BRK PADS 4-PK NVK-1054
R1026,KDR-5559,KADRIMO CABIN FLTR
R1027,KDR-1488,KADRIMO RUBBER LH WIPER BLADE (12-PK)
R1028,BEL-9099,belvand spark plug kdr-9099
R1029,BTX-6549,BRONTEXA SPARK PLUGS BTX-6549
R1030,KDR-6582,Kdr Spark Plugs Kdr-6582
R1031,KDR-3507,Kadrimo Rear Brake Pads
R1032,NVK-2640,NORVIKKA BRAKE PADS
R1033,KDR-5530,kadrimo ignition coil
R1034,CRU-1667,crumane spark plug wnty 90d nvk-1667
R1035,BRH-5056,brh cotton coveralls sz 2xl
R1036,KRV-9350,Krv Caliper Wnty 90D
R1037,VSK-4153,veskarra caliper
R1038,KDR-1023,KADRIMO RH CALIPERS
R1039,GVX-1762,   
R1040,BTX-6326,Brontexa Rh Wiper Set Of 2
R1041,GVX-3598,gvx nitrile gloves l
R1042,VSK-8753,VESKARRA OIL FILTER
R1043,VRN-5417,VRN OIL FILTER PRO
R1044,KRV-9552,krelvonne spark plugs
R1045,KDR-9682,KADRIMO SPK PLG 4 PACK HD
R1046,BTX-7960,Brontexa Spark Plug 6-Pk
R1047,MLT-6320,Mlt Air Fltr
R1048,CRU-4789,CRUMANE SPARK PLUGS
R1049,KRV-2586,krv spark plugs 6 pack
R1050,MLT-2532,maltrion oil filter wnty 90d
R1051,GVX-1001,GRUVATEX NITRILE GLOVE SIZE 2XL GVX-1001
R1052,NVK-4837,norvikka spk plg nvk-4837
R1053,KRV-4345,krelvonne cabin fltr
R1054,KRV-9733,krv air fltr krv-9733
R1055,KRV-8422,krv left caliper
R1056,BTX-2491,brontexa right calipers
R1057,KRV-3945,KRELVONNE CABIN FILTER KRV-3945
R1058,CRU-1721,CRUMANE CERAMIC LEFT BRAKE PADS 12-PK PRO
R1059,QVN-1188,QUORVYN CERAMIC BRAKE PADS QVN-1188
R1060,CRU-4119,CRUMANE IGNITION COIL
R1061,KRV-6125,krelvonne ignition coil krv-6125
R1062,KRV-8811,KRELVONNE SPK PLG PRO
R1063,VSK-5024,veskarra semi-metallic rh brake pads set of 12 vsk-5024
R1064,NVK-6269,norvikka air filter
R1065,VRN-8537,VORNELLE RIGHT WINTER WIPER BLADES NEW
R1066,KDR-9671,KADRIMO OIL FLTR
R1067,MLT-9656,MALTRION SPARK PLUG SET OF 4 MLT-9656
R1068,NVK-3138,NORVIKKA REAR WIPER BLADE HD
R1069,QVN-7122,QUORVYN AIR FILTER
R1070,MLT-1381,MALTRION ROTOR MLT-1381
R1071,WRF-5512,wrenfold leather gloves 4 pack l new wrf-5512
R1072,GVX-3001,GRUVATEX NITRILE WNTR GLOVES (6-PK) SZ 2XL BULK
R1073,MLT-9070,MLT SPARK PLUG SET OF 4 BULK
R1074,WRF-2561,wrenfold coverall l wrf-2561
R1075,BTX-9583,BRONTEXA RIGHT BRK PADS SET OF 4 BTX-9583
R1076,VSK-3194,VESKARRA SEMI-METALLIC BRAKE PADS HD
R1077,BEL-4190,BELVAND SEMI-METALLIC RIGHT BRAKE PADS 2-PK WNTY 90D
R1078,NVK-6529,NVK FRONT WIPER NVK-6529
R1079,BTX-2448,brontexa semi-metallic brake pads 4 pack
R1080,MLT-8041,MALTRION FRONT ROTOR
R1081,WRF-2897,WRF COTTON WINTER COVERALL SZ L WRF-2897
R1082,KRV-7071,krelvonne rubber left wiper
R1083,KRV-8423,Krelvonne Oil Filter
R1084,VSK-5856,VESKARRA IGN COIL WNTY 90D NEW
R1085,KDR-6072,KADRIMO ROTORS KDR-6072
R1086,KRV-7681,KRELVONNE FRONT CALIPER
R1087,KRV-4997,KRELVONNE RUBBER REAR WIPER
R1088,TLV-8113,telvossa coveralls size m
R1089,VSK-4549,Vsk Headlight Bulb 2 Pack 2Yr Wnty
R1090,BRH-4942,brumhalt cotton insulated coverall l
R1091,CRU-8114,crumane headlight bulb 2yr wnty bulk
R1092,BTX-2084,BRONTEXA IGNITION COIL BTX-2084
R1093,VRN-3903,vornelle oil filter
R1094,NVK-9114,NORVIKKA AIR FLTR BULK
R1095,KRV-6645,Krv Air Filter
R1096,KRV-2100,KRELVONNE SEMI-METALLIC BRAKE PADS 6-PK PRO
R1097,QVN-9924,quorvyn rh rotors
R1098,VSK-4898,veskarra rotor
R1099,KDR-5335,Kadrimo Left Caliper Wnty 90D Kdr-5335
R1100,BTX-4356,BRONTEXA OIL FILTER
R1101,KRV-2511,KRELVONNE SPK PLG 4-PK BULK KRV-2511
R1102,VRN-4795,Vornelle Spk Plg Pro
R1103,VRN-1375,vornelle oil fltr vrn-1375
R1104,TLV-1253,Telvossa Winter Glove M Pro Tlv-1253
R1105,VSK-1243,veskarra rotor
R1106,KRV-1646,KRELVONNE LEFT WNTR WIPER BLADE
R1107,GVX-1555,GRUVATEX HIVIS JACKET L
R1108,AXK-5884,axkort oil fltr
R1109,VRN-1586,Vornelle Cabin Fltr 2Yr Wnty
R1110,KRV-5503,Krelvonne Spark Plugs Bulk
R1111,VSK-3521,VESKARRA ROTORS
R1112,BTX-7040,BTX SPARK PLUG (4-PK)
R1113,VRN-1501,Vornelle Oil Filter
R1114,VSK-7456,VSK OIL FLTR VSK-7456
R1115,NVK-2689,norvikka wiper set of 4 new
R1116,TLV-4631,TELVOSSA WNTR HI VIS JACKET XL
R1117,BRH-9502,brumhalt cotton coverall l
R1118,BTX-2965,brontexa oil filter bulk
R1119,NVK-2445,norvikka nitrile glove 2-pk sz l nvk-2445
R1120,KDR-7983,KADRIMO AIR FLTR WNTY 90D KDR-7983
R1121,KDR-6797,Kdr Oil Fltr Kdr-6797
R1122,KRV-7589,Krv Semi-Metallic Left Brk Pads 12 Pack
R1123,VRN-3264,VORNELLE HEADLIGHT BULB
R1124,VSK-5989,VESKARRA RUBBER WIPER BLADES (12-PK)
R1125,BRH-4802,BRH WNTR COVERALLS M
R1126,BRH-7974,Brumhalt Wntr Gloves Set Of 8 Size M
R1127,VRN-4638,vornelle ign coil
R1128,GVX-2734,gruvatex gloves (2-pk) sz m hd
R1129,KDR-1396,Kadrimo Rh Wiper Blade (12-Pk) Pro
R1130,QVN-7208,QVN HDLGHT BULB (4-PK)
R1131,MLT-7430,Mlt Cabin Filter
R1132,VRN-4049,VORNELLE CALIPERS PRO
R1133,QVN-6326,QUORVYN RUBBER LEFT WIPER 12-PK QVN-6326
R1134,VRN-7440,VORNELLE CABIN FILTER VRN-7440
R1135,KDR-8320,KADRIMO IGN COIL 2YR WNTY KDR-8320
R1136,VRN-4510,vornelle ign coil
R1137,KDR-5346,kadrimo ceramic frt brk pads
R1138,QVN-1997,QUORVYN REAR WIPER BLADES WNTY 90D
R1139,QVN-4441,QUORVYN HDLGHT BULB (4-PK) 2YR WNTY QVN-4441
R1140,BTX-9378,BTX HDLGHT BULB 6-PK
R1141,KDR-3486,KDR SPARK PLUGS (4-PK)
R1142,KDR-2462,kdr rotor pro kdr-2462
R1143,QVN-8170,quorvyn rotors qvn-8170
R1144,MLT-3930,maltrion air fltr new mlt-3930
R1145,VSK-1143,VESKARRA SPARK PLUG 6-PK VSK-1143
R1146,QVN-4516,quorvyn rubber rh wiper blades
R1147,KRV-7944,KRELVONNE CABIN FLTR
R1148,KDR-3558,kdr oil fltr
R1149,BTX-8259,brontexa spark plugs btx-8259
R1150,KDR-5277,KADRIMO OIL FILTER
R1151,MLT-1276,Maltrion Oil Fltr
R1152,KDR-6702,kadrimo headlight bulb kdr-6702
R1153,TLV-9424,TLV GLOVES (12-PK) S TLV-9424
R1154,KRV-7000,krelvonne front brake pads new
R1155,VRN-5714,vornelle rear brk pads set of 2 vrn-5714
R1156,QVN-9652,
R1157,QVN-4282,Quorvyn Spark Plugs
R1158,KRV-2049,Krelvonne Air Filter Krv-2049
R1159,NVK-1408,norvikka air filter wnty 90d nvk-1408
R1160,MLT-5416,maltrion wiper blade 12-pk
R1161,BTX-5876,BRONTEXA IGN COIL
R1162,MLT-5794,MLT FRT WIPER BLADES
R1163,KRV-9444,KRELVONNE REAR CALIPERS KRV-9444
R1164,VSK-3286,vsk rotor wnty 90d
R1165,KRV-2557,KRELVONNE SEMI-METALLIC BRAKE PADS
R1166,WRF-1367,WRENFOLD COTTON COVERALL S
R1167,NVK-6833,norvikka wntr coverall s
R1168,BTX-7230,BRONTEXA CERAMIC FRT BRK PADS 2YR WNTY
R1169,KRV-7938,KRELVONNE OIL FILTER
R1170,BTX-6810,Btx Cabin Filter
R1171,MLT-7523,MLT SEMI-METALLIC REAR BRK PADS SET OF 8
R1172,NVK-6118,NVK AIR FLTR WNTY 90D PRO NVK-6118
R1173,VSK-9233,VESKARRA FRONT CALIPER
R1174,NVK-2116,NORVIKKA RIGHT ROTORS
R1175,QVN-7674,qvn rubber wiper blades qvn-7674
R1176,NVK-1359,Norvikka Insulated Coverall Size L Nvk-1359
R1177,MLT-2070,MALTRION RUBBER RIGHT WIPER
R1178,BRH-3383,BRH HI-VIS JACKET SIZE 2XL
R1179,VSK-5342,Veskarra Ignition Coil
R1180,NVK-6362,norvikka spark plug nvk-6362
R1181,KRV-8827,krelvonne ignition coil
R1182,BTX-2638,###
R1183,NVK-7144,norvikka insulated glove size l nvk-7144
R1184,NVK-8382,NORVIKKA CERAMIC BRK PADS NVK-8382
R1185,MLT-7054,Maltrion Air Fltr
R1186,BTX-1879,btx wntr wiper blades btx-1879
R1187,VRN-8765,vornelle headlight bulbs
R1188,KDR-5115,KADRIMO WNTR WIPER BLADES HD KDR-5115
R1189,VRN-3832,vornelle spark plug 2 pack
R1190,NVK-3697,Nvk Rubber Wiper
R1191,VSK-3765,Veskarra Rh Wiper Pro
R1192,NVK-8032,norvikka hdlght bulb
R1193,BRH-2390,brumhalt cotton thermal coveralls sz xl
R1194,MLT-3780,MALTRION RH ROTOR MLT-3780
R1195,MLT-5176,maltrion air filter 2yr wnty
R1196,NVK-9432,NVK COTTON COVERALL NVK-9432
R1197,NVK-6889,Norvikka Oil Fltr 2Yr Wnty
R1198,VRN-2755,VRN IGN COIL VRN-2755
R1199,VSK-3539,Veskarra Right Wiper Blade
R1200,VRN-5158,VORNELLE OIL FILTER
